id,en,cn,muscle
h9IEvOQfyVAZhsChwRvWPg==,dccIetNGiYsm0V1lKV/q3w==,uch8vZdzqVqwO/cPwxzvZA==,US5Chepvq7HE8CuIICbESw==
9bA/Ii1FktEAW0dYvbxizg==,DR4aZ8RblyYZx3VzTfjaeQ==,U1utlhf9S4jwdLuu89m4hQ==,US5Chepvq7HE8CuIICbESw==
ww3Ihp/IekhIKpV2xlfncA==,kx3xGbxJBkbzKz4IEwUj+g==,9mk2TcEEqusO8Z6gvjz/Ag==,US5Chepvq7HE8CuIICbESw==
y73BUH13Gu9jbqcxuvPXuQ==,umZ5GHZRv5uVytz8YiI1Pg==,i/0/Ivz9H7UfEpX6dFgPMA==,US5Chepvq7HE8CuIICbESw==
LNLKp3i4SmAaRkaj1OAJFg==,6NH+3MP5fRNOPh3coiEm3A==,9JtMWFMM7wZoezFMO1q8SA==,US5Chepvq7HE8CuIICbESw==
B60byrPcdKqUXi55MOqvjg==,Nr2TmbLPAbrhRzdKLQqUnA==,ymQvhEAz99quhEy4l1nGWQ==,US5Chepvq7HE8CuIICbESw==
8RpPC7ka8AZyBX89C5VBfg==,un6H+esuaIRO3D6hur9M2w==,/+zZ8aTp4Baip/o+KZk4OA==,hZd8kWhUi7oZGmJ0yngHpQ==
/qhsSCRf86h4wTJyrj0mlQ==,6dI0Kczp0cHe0Y6jdNsDdQ==,Ul8eBe8gURwNKmYgbElNFQ==,wrp4EPhbiYC13SUNePhLpA==
tvXpJbGQP/HTzxKx2/9xiA==,zWVbWKm52jrPM3w8Wbh4kQ==,9kwRvaTeQBN99/Wpl50BGQ==,+KCI7pFEIM3mk6yufbkNGA==
nxA/xZs5Ee+QXKQ6dhHijg==,wUSyEBWN68XcOxge0DWAiw==,s6yIbjGHsiQqzcs1Ayrd2w==,mLoTCAt55jSgCI5IvNBiOg==
4881tqAsFrJ0Li856bS2mf/OGqWmziqBzAoTcZujwOGbm7hH+gCdloCWrHmLPdGz,8U+Q8FmU/bLPhWK9jd7Oiasn2DXOYodIHssNPNDnQNeykxw4rBlbI1i6oVe/2zR4,XgmUNaomEg0ie9SL4+zc5oxa69zL9xLNhegMkfaAMHs=,mLoTCAt55jSgCI5IvNBiOg==
e5jF9druWSfaFmdZgvK9t3oPEPmLRO6xedE5fk9KpB0=,9exUaeW9+xujXw1g9ykexJBtcQECuB/bV8M34NuWxq4=,bXSMI1iX+JNd1Vs9I1oemA==,d0nuJVI62i3T6jS5lS/zBA3SVgXQ87DwMGQkQoVMbeA=
YOHzNwpyzF1OuFCRGyf5eA==,GjzRRO0FyDNXsJDBgswqBQ==,xljydV/xc1aI0SgrWMzy4w==,d0nuJVI62i3T6jS5lS/zBA3SVgXQ87DwMGQkQoVMbeA=
C1aJBugNc7Krfs/I/O4eEOmeqDzc6n9JaovMFsVChgs=,I6vkDtT6vg+OfIPoxnLhbJYVm5Q30bFpXdMPJ/4yUdc=,lI07mxR8JGG4aYizBKGddw==,d0nuJVI62i3T6jS5lS/zBA3SVgXQ87DwMGQkQoVMbeA=
LRVpRdkmXDbD6Lvr1nyjrw==,u+8DBTb3aVREJnjBeDXjgg==,0BARr2g8cf4pcAyUa/dwPA==,ATHIklAfoiHLUNZSagOG8A==
PrxHSM4GMRw+DYK8mobKeA==,oSFC+sBtBbAx/9n0QxMXOTkKz+eS9B4G0DFAEREm1Kg=,YRcrHQE2TVpUS+yG49xXOg==,RjU1F9o4M9mneMhvMIXHgN2cPWPLGuapEWpvbPOFDVc=
rLaBG11EV1zWfKHly7ZTUA==,rzbgOetBSrXhsQejxY/S8sM5Jy7bBD31Q7fKgPkId80=,Ys+vDIQzJ145xiJomuNHwQ==,RjU1F9o4M9mneMhvMIXHgN2cPWPLGuapEWpvbPOFDVc=
g0xUkVuZMeTHlyd6j8gIaQ==,DrrGw77b9Gdr/QkBXytHDg==,/k37zws7rf+afemHfHAJbw==,4UfjeoEI5gIdcqgH3+svmQ==
D5TxI3rgL/u7Pu0tK+Ha6m3eRtaDkVcZ2NK07jYs9yE=,Loe7evbCgoVP4VnZlgPdAZN+RX/Xa0EbGrpfjgm+EDw=,M5YDBAr0cPfnXCFE3iJ7GA==,4UfjeoEI5gIdcqgH3+svmQ==
ZO5V+lbrZOaev9EF6N2c83Qnrf0xgJxkdIJ0/ADuMoA=,hht81n4yApAu1pLibaLeMcpvekiql3ZwhZVhdyBQYj8=,Wuu/HQtt/Pd+6780Yeb+KA==,4UfjeoEI5gIdcqgH3+svmQ==
D8jXz4k8a6pN79he54YDPaVpg24A1mgZiMwtHQP14GE=,huZ9kTNCDDwM1EZM4xqn7vpUM4iRKyQuf2A3luq6NBE=,hpwixhbXtvAAgys1rVzRkqS78ZxUEgteGXOrvxp9xqg=,D8jXz4k8a6pN79he54YDPaVpg24A1mgZiMwtHQP14GE=
GPZlZlzG+z9ThfmB2Pi/IA==,OjMwNRmt9m4MoJSKpCkrgg==,PDEcIxw4UT3G4+h91t3JPA==,NjJpldFPzmMr+6+9ajHTOA==
w2FGCbwyQyF6ebWn5IaEVmHlDCrqm88tSfYK+2wA56Q=,+I7hkEFGiqnVemBEDduEAT5RVFfG6uYnJzTpFnCZmV4=,KzY3voJ6fVKu2oz11XSMsA==,NjJpldFPzmMr+6+9ajHTOA==
4zvhqCAVk24Kq+rYz6rJDB7GdvQIBdbZrIZvS0iXImz+NJBrtjgXbOfWmlCd4EjX,HqpSW5AuYCV9rSrqLy9+4yliaR1mpkZS7mizrUbduTOs+jRvDdR5vVdakZJ53N5x,D8KpqxEIUpj3ZX/cq/V6UA==,NjJpldFPzmMr+6+9ajHTOA==
EnTOOhck/ka43McaYmCaEijn1JJJKYtvBEUdml2iPHk=,ruYVQ73MZHOeuuynkocsRgXZQpHr/lQ6EJQaxn7tCVU=,fcwh0F9DeL/MOF5xRGVkdQ==,1EQBycBsNcmdnv7DzPE/mw==
EnTOOhck/ka43McaYmCaEhY6TlQ6WZXWe6BjEFGi1PU=,ruYVQ73MZHOeuuynkocsRoGwKWe/ZF+mcgiz2AR8T9c=,0iUbdsLCbRt8RLmqVopUdg==,1EQBycBsNcmdnv7DzPE/mw==
ShwrK9f+lVseG/TDzi9rHQ==,XPx0Cmq0KayOqO6vCBSHNw==,6Yz7A7EWarA6Ml3hETJRiQ==,1EQBycBsNcmdnv7DzPE/mw==
mjooB6mVDg5mtIKYoLikDCMNRv0vXGB46usSZTkfSho=,Wwhc2O6HrAnwDaiQq5xxriGjj7+T4hdEJWDCXs55L3M=,PoFftXW8peTeERz5d6z7eQ==,1EQBycBsNcmdnv7DzPE/mw==
jVHmkt620RorKHDaDbE5GA==,QnUHxhhFXNZORXplcDVleQ==,EIGOspcMwSnH/7L6VOYcZA==,1EQBycBsNcmdnv7DzPE/mw==
3Lwjmq8vElkTzQQq2A5U2g==,VTtJyIZGTJ2ZnjNLWkWx7w==,fyNRNF7+aZZZ6EglugFYtw==,1EQBycBsNcmdnv7DzPE/mw==
yf5mx11hl+L7OQz50trs+A==,NegGgDX7mrYm2wPWVPHtFQ==,GzEWDTUc8Gp0W6kvvG8+gA==,RFwu9nLdn50bf0dPibFeUg==
SjGrqj5/8ZtP+rmeV7R6mZckCHzsqvyQ9lSpezSPiPk=,8svj1tx4UUyv45FwPnkXWc+vER42+EvYWSkqYDRPF1Q=,J0dHFA/acLx0RPpGch52mTf139rR5cscSx0/NEbZvVE=,RFwu9nLdn50bf0dPibFeUg==
OzYikLoC+Le+AFYlWlHSIA==,BTT0nqCTtrMHg3ivnzjkyA==,7Qqm5IcJW86WIvqIsM8NRg==,OzYikLoC+Le+AFYlWlHSIA==
PMX9RfIUsucpzqewmQ+5I1nxyeb+vLl3UOzyH6Lr8tN3xS6nxsLVXhJYDFhylmZC,JwVMK3+jEd9Oxks7UXQwKobklODFYD0lw0YklSM/cJQ6KufI1obdEmltw4V08W8S,6Fz8Y5CkQlfwRYzqtkzvbAtvNkXFo2RCcOROd+qTFEc=,3aRY2amsl860xRDa03zrhxB1WEBSEOa343tIiPAUdV8=
cEdONxb6XJlmWAW+ytby0GdqMtJ5Wf+P0fYo6nK8moo=,FSn7CwjaitAwWJcJKEez9FhAuWYCrDL4Cm2PxxMb0F8=,PyDlryAFm+JEdF7WPwm1+A==,3aRY2amsl860xRDa03zrhxB1WEBSEOa343tIiPAUdV8=
fz6/sb235I8YgaXFFAOa2icxY4SEeA7nw30Zj+QMlrg=,IFkQYfOiz82dEkDDdC47A4tEDOcPU18euFNuXzG4hAY=,uduPnYLiJQk4w4chxRf05w==,3aRY2amsl860xRDa03zrhxB1WEBSEOa343tIiPAUdV8=
nWdjnJEtCy3V1Tbhd39XkQ==,h1pXGKU5obC7vSOyYbxjEQ==,fCJacE1tV+IkyTOO1u+7FQ==,3emFiGCdPKIdvNl/GV+EnQ==
ml2V2ZcgSS2DV7xzB4rdAw==,d3KVFYS/7JDtdnP/lDKi3A==,0w7ym1UtUWe0T1uF461ZSQ==,3emFiGCdPKIdvNl/GV+EnQ==
0/SkSg/kgaFoBdQQd+5aPg==,7mpxG3QFeNi2uC0D5wPnMQ==,82AUx1fVc1JamzOt3hMWkw==,3emFiGCdPKIdvNl/GV+EnQ==
N+IwmXIR7lxiezu2Nk++OveZ+DLkHUUX16lCXRXQG8o=,j3G3CYaUMuLrZx1vTl+mRymas7zQ9ohsIE3SLFVzXME=,hIowhAi3tbdXRGb9uVTOrrEFVdcn7GrciXC3bEOYsmU=,3emFiGCdPKIdvNl/GV+EnQ==
OibmtwZ89uuKg3Ng4t4UXA==,azdkn/miN08S1ed/3mCGBQ==,RGSD0uOJmfksW6gzbsIrrQ==,OibmtwZ89uuKg3Ng4t4UXA==
26AgghDmPmKgUlNpULrOXg==,XWhEsA0v34Dhpjf6t3UtuQ==,jzaEkOuxN/fa+tueY/OFrw==,26AgghDmPmKgUlNpULrOXg==
C8F0Pk/a71zAqgbZNyt0GA==,rZJXRYK9niFl/NzZ06UnoA==,n9wYn7SRRY5W8qbJC+AWGw==,C8F0Pk/a71zAqgbZNyt0GA==
rDDUJhbG6TOB0xHs/rKTyg==,teknKKgPmxFr8dkD/NQwkA==,pK0KO4y+A6olzZpa/NtBhw==,1FoLOvnp1LNFtnXvzU07Nw==
cEKmBgtaAYTV1W1PfEa6lw==,Lflry9vC/KB6ZdHzAl/JAw==,xarAsj/tEXzm3Zy9Z7hqLg==,1FoLOvnp1LNFtnXvzU07Nw==
s95AZxlUWWrI9IxMsT2X3xFtF4ROy6DtSeO+Aj69SeU=,5iBoTs68+AsJjncw9LDyNbnkglOuPuRSijVxKe7Ni5Q=,j8YWDqg+zmFmc1YQlBZKEg==,1FoLOvnp1LNFtnXvzU07Nw==
w+1BHJFJnkE0RsXSdd0krg==,1col6V8d+71npd6Ck7eb4Q==,ypaXgn/BkueC+36Ss9XcxA==,oeUsbEtaLNEIliPVCGwm3w==
e6FhL2HcED0FMeTBN8vjkcO+xCkv77b01GNCZL/r8vo=,b6cwaN8s+Zjnj3ckfzyRUfAEbixnLzquNMktaq9/iUU=,Yh0GHbPlKYF4AQmnz1sJYg==,oeUsbEtaLNEIliPVCGwm3w==